Country Name,Year,Indicator Name,Value
Costa Rica,2024,Exports of goods and services (annual % growth),5.770044789
Costa Rica,2023,Exports of goods and services (annual % growth),9.959313934
Costa Rica,2022,Exports of goods and services (annual % growth),18.5008765
Costa Rica,2021,Exports of goods and services (annual % growth),15.93392165
Costa Rica,2020,Exports of goods and services (annual % growth),-10.63285632
Costa Rica,2019,Exports of goods and services (annual % growth),4.261470046
Costa Rica,2018,Exports of goods and services (annual % growth),4.890960796
Costa Rica,2017,Exports of goods and services (annual % growth),6.954924489
Costa Rica,2016,Exports of goods and services (annual % growth),9.417271898
Costa Rica,2015,Exports of goods and services (annual % growth),2.888311942
Costa Rica,2014,Exports of goods and services (annual % growth),4.96433605
Costa Rica,2013,Exports of goods and services (annual % growth),3.311533498
Costa Rica,2012,Exports of goods and services (annual % growth),5.564272466
Costa Rica,2011,Exports of goods and services (annual % growth),7.048104151
Costa Rica,2010,Exports of goods and services (annual % growth),9.32745251
Costa Rica,2009,Exports of goods and services (annual % growth),-8.461752653
Costa Rica,2008,Exports of goods and services (annual % growth),2.172059316
Costa Rica,2007,Exports of goods and services (annual % growth),7.522935853
Costa Rica,2006,Exports of goods and services (annual % growth),8.04149726
Costa Rica,2005,Exports of goods and services (annual % growth),6.011897539
Costa Rica,2004,Exports of goods and services (annual % growth),10.38334176
Costa Rica,2003,Exports of goods and services (annual % growth),5.671028647
Costa Rica,2002,Exports of goods and services (annual % growth),2.680096879
Costa Rica,2001,Exports of goods and services (annual % growth),1.702018284
Costa Rica,2000,Exports of goods and services (annual % growth),2.240459978
Costa Rica,1999,Exports of goods and services (annual % growth),5.118522428
Costa Rica,1998,Exports of goods and services (annual % growth),14.45886576
Costa Rica,1997,Exports of goods and services (annual % growth),8.69545785
Costa Rica,1996,Exports of goods and services (annual % growth),6.256558123
Costa Rica,1995,Exports of goods and services (annual % growth),11.01838603
Costa Rica,1994,Exports of goods and services (annual % growth),3.941271885
Costa Rica,1993,Exports of goods and services (annual % growth),8.094809545
Costa Rica,1992,Exports of goods and services (annual % growth),17.06782029
Costa Rica,1991,Exports of goods and services (annual % growth),8.902605873
Costa Rica,1990,Exports of goods and services (annual % growth),7.901467687
Costa Rica,1989,Exports of goods and services (annual % growth),16.0735634
Costa Rica,1988,Exports of goods and services (annual % growth),7.370087506
Costa Rica,1987,Exports of goods and services (annual % growth),20.94858592
Costa Rica,1986,Exports of goods and services (annual % growth),3.627929426
Costa Rica,1985,Exports of goods and services (annual % growth),-3.992791868
Costa Rica,1984,Exports of goods and services (annual % growth),11.27502936
Costa Rica,1983,Exports of goods and services (annual % growth),-1.311734939
Costa Rica,1982,Exports of goods and services (annual % growth),-5.457704124
Costa Rica,1981,Exports of goods and services (annual % growth),11.11936087
Costa Rica,1980,Exports of goods and services (annual % growth),-4.343750006
Costa Rica,1979,Exports of goods and services (annual % growth),3.259115848
Costa Rica,1978,Exports of goods and services (annual % growth),9.939691034
Costa Rica,1977,Exports of goods and services (annual % growth),8.155150167
Costa Rica,1976,Exports of goods and services (annual % growth),5.420113989
Costa Rica,1975,Exports of goods and services (annual % growth),-1.9717396
Costa Rica,1974,Exports of goods and services (annual % growth),8.379888267
Costa Rica,1973,Exports of goods and services (annual % growth),7.731481481
Costa Rica,1972,Exports of goods and services (annual % growth),17.35071863
Costa Rica,1971,Exports of goods and services (annual % growth),7.794282063
Costa Rica,1970,Exports of goods and services (annual % growth),14.47464651
Costa Rica,1969,Exports of goods and services (annual % growth),9.884811144
Costa Rica,1968,Exports of goods and services (annual % growth),30.76451528
Costa Rica,1967,Exports of goods and services (annual % growth),7.452714783
Costa Rica,1966,Exports of goods and services (annual % growth),21.70178653
Costa Rica,1965,Exports of goods and services (annual % growth),2.200374532
Costa Rica,1964,Exports of goods and services (annual % growth),-10.28037383
Costa Rica,1963,Exports of goods and services (annual % growth),28.95057549
Costa Rica,1962,Exports of goods and services (annual % growth),11.40443506
Costa Rica,2024,Exports of goods and services (% of GDP),38.53179405
Costa Rica,2023,Exports of goods and services (% of GDP),38.91563204
Costa Rica,2022,Exports of goods and services (% of GDP),42.40519611
Costa Rica,2021,Exports of goods and services (% of GDP),36.17635703
Costa Rica,2020,Exports of goods and services (% of GDP),31.90649766
Costa Rica,2019,Exports of goods and services (% of GDP),34.32532156
Costa Rica,2018,Exports of goods and services (% of GDP),33.73851078
Costa Rica,2017,Exports of goods and services (% of GDP),32.76268315
Costa Rica,2016,Exports of goods and services (% of GDP),31.2600963
Costa Rica,2015,Exports of goods and services (% of GDP),29.99565786
Costa Rica,2014,Exports of goods and services (% of GDP),31.36291528
Costa Rica,2013,Exports of goods and services (% of GDP),30.59164936
Costa Rica,2012,Exports of goods and services (% of GDP),31.65131734
Costa Rica,2011,Exports of goods and services (% of GDP),32.47247088
Costa Rica,2010,Exports of goods and services (% of GDP),32.82941135
Costa Rica,2009,Exports of goods and services (% of GDP),34.63230503
Costa Rica,2008,Exports of goods and services (% of GDP),38.80646065
Costa Rica,2007,Exports of goods and services (% of GDP),40.58213751
Costa Rica,2006,Exports of goods and services (% of GDP),43.31403511
Costa Rica,2005,Exports of goods and services (% of GDP),43.46452236
Costa Rica,2004,Exports of goods and services (% of GDP),42.20765346
Costa Rica,2003,Exports of goods and services (% of GDP),40.67171292
Costa Rica,2002,Exports of goods and services (% of GDP),39.22453521
Costa Rica,2001,Exports of goods and services (% of GDP),40.5085725
Costa Rica,2000,Exports of goods and services (% of GDP),42.93032217
Costa Rica,1999,Exports of goods and services (% of GDP),42.55786576
Costa Rica,1998,Exports of goods and services (% of GDP),43.96284105
Costa Rica,1997,Exports of goods and services (% of GDP),41.60906831
Costa Rica,1996,Exports of goods and services (% of GDP),40.01199302
Costa Rica,1995,Exports of goods and services (% of GDP),38.1292145
Costa Rica,1994,Exports of goods and services (% of GDP),35.88465867
Costa Rica,1993,Exports of goods and services (% of GDP),36.03722388
Costa Rica,1992,Exports of goods and services (% of GDP),35.28175224
Costa Rica,1991,Exports of goods and services (% of GDP),33.40610643
Costa Rica,1990,Exports of goods and services (% of GDP),34.19026834
Costa Rica,1989,Exports of goods and services (% of GDP),34.85115542
Costa Rica,1988,Exports of goods and services (% of GDP),34.0243173
Costa Rica,1987,Exports of goods and services (% of GDP),31.63231452
Costa Rica,1986,Exports of goods and services (% of GDP),31.34099253
Costa Rica,1985,Exports of goods and services (% of GDP),30.72320202
Costa Rica,1984,Exports of goods and services (% of GDP),34.38199531
Costa Rica,1983,Exports of goods and services (% of GDP),36.03724268
Costa Rica,1982,Exports of goods and services (% of GDP),45.0838985
Costa Rica,1981,Exports of goods and services (% of GDP),43.26835646
Costa Rica,1980,Exports of goods and services (% of GDP),26.47788286
Costa Rica,1979,Exports of goods and services (% of GDP),26.92283179
Costa Rica,1978,Exports of goods and services (% of GDP),28.18118938
Costa Rica,1977,Exports of goods and services (% of GDP),30.86891026
Costa Rica,1976,Exports of goods and services (% of GDP),28.90895548
Costa Rica,1975,Exports of goods and services (% of GDP),30.06200701
Costa Rica,1974,Exports of goods and services (% of GDP),33.14315574
Costa Rica,1973,Exports of goods and services (% of GDP),30.79981077
Costa Rica,1972,Exports of goods and services (% of GDP),30.22712335
Costa Rica,1971,Exports of goods and services (% of GDP),26.79417235
Costa Rica,1970,Exports of goods and services (% of GDP),27.835084
Costa Rica,1969,Exports of goods and services (% of GDP),26.59628974
Costa Rica,1968,Exports of goods and services (% of GDP),27.76639998
Costa Rica,1967,Exports of goods and services (% of GDP),24.88184845
Costa Rica,1966,Exports of goods and services (% of GDP),24.78080519
Costa Rica,1965,Exports of goods and services (% of GDP),22.56331818
Costa Rica,1964,Exports of goods and services (% of GDP),24.41937538
Costa Rica,1963,Exports of goods and services (% of GDP),22.08741883
Costa Rica,1962,Exports of goods and services (% of GDP),22.72327588